SIFRA_PROJEKTA;RB_AKTIVNOSTI;SIFRA_ZAPOSLENOG;ULOGA_NA_SNIMANJU;DATUM_OD;DATUM_DO;BROJ_ANGAZOVANIH_SATI;Godina;Kvartal;Mesec;MesecBr;KLJUC_AKTIVNOSTI
PRJ-001;1;ZAP-041;Ton majstor;2026-01-10;2026-01-22;20;2026;K1;Januar;1;PRJ-001-1
PRJ-001;2;ZAP-101;Režiser;2026-01-15;2026-01-27;21;2026;K1;Januar;1;PRJ-001-2
PRJ-002;1;ZAP-042;Režiser;2026-01-21;2026-02-02;23;2026;K1;Januar;1;PRJ-002-1
PRJ-002;2;ZAP-102;Voditelj;2026-01-26;2026-02-07;24;2026;K1;Januar;1;PRJ-002-2
PRJ-003;1;ZAP-043;Voditelj;2026-02-01;2026-02-13;26;2026;K1;Februar;2;PRJ-003-1
PRJ-003;2;ZAP-103;Novinar;2026-02-06;2026-02-18;27;2026;K1;Februar;2;PRJ-003-2
PRJ-004;1;ZAP-044;Novinar;2026-02-12;2026-02-24;29;2026;K1;Februar;2;PRJ-004-1
PRJ-004;2;ZAP-104;Rasveta;2026-02-17;2026-03-01;30;2026;K1;Februar;2;PRJ-004-2
PRJ-005;1;ZAP-045;Rasveta;2026-02-23;2026-03-07;32;2026;K1;Februar;2;PRJ-005-1
PRJ-005;2;ZAP-105;Asistent;2026-02-28;2026-03-12;33;2026;K1;Februar;2;PRJ-005-2
PRJ-006;1;ZAP-046;Asistent;2026-03-06;2026-03-18;35;2026;K1;Mart;3;PRJ-006-1
PRJ-006;2;ZAP-106;Snimatelj;2026-03-11;2026-03-23;36;2026;K1;Mart;3;PRJ-006-2
PRJ-007;1;ZAP-047;Snimatelj;2026-03-17;2026-03-29;38;2026;K1;Mart;3;PRJ-007-1
PRJ-007;2;ZAP-107;Ton majstor;2026-03-22;2026-04-03;39;2026;K1;Mart;3;PRJ-007-2
PRJ-008;1;ZAP-048;Ton majstor;2026-03-28;2026-04-09;41;2026;K1;Mart;3;PRJ-008-1
PRJ-008;2;ZAP-108;Režiser;2026-04-02;2026-04-14;42;2026;K2;April;4;PRJ-008-2
PRJ-009;1;ZAP-049;Režiser;2026-04-08;2026-04-20;44;2026;K2;April;4;PRJ-009-1
PRJ-009;2;ZAP-109;Voditelj;2026-04-13;2026-04-25;45;2026;K2;April;4;PRJ-009-2
PRJ-010;1;ZAP-050;Voditelj;2026-04-19;2026-05-01;47;2026;K2;April;4;PRJ-010-1
PRJ-010;2;ZAP-110;Novinar;2026-04-24;2026-05-06;48;2026;K2;April;4;PRJ-010-2
PRJ-011;1;ZAP-051;Novinar;2026-04-30;2026-05-12;50;2026;K2;April;4;PRJ-011-1
PRJ-011;2;ZAP-111;Rasveta;2026-05-05;2026-05-17;51;2026;K2;Maj;5;PRJ-011-2
PRJ-012;1;ZAP-052;Rasveta;2026-05-11;2026-05-23;53;2026;K2;Maj;5;PRJ-012-1
PRJ-012;2;ZAP-112;Asistent;2026-05-16;2026-05-28;54;2026;K2;Maj;5;PRJ-012-2
PRJ-013;1;ZAP-053;Asistent;2026-05-22;2026-06-03;56;2026;K2;Maj;5;PRJ-013-1
PRJ-013;2;ZAP-113;Snimatelj;2026-05-27;2026-06-08;57;2026;K2;Maj;5;PRJ-013-2
PRJ-014;1;ZAP-054;Snimatelj;2026-06-02;2026-06-14;59;2026;K2;Jun;6;PRJ-014-1
PRJ-014;2;ZAP-114;Ton majstor;2026-06-07;2026-06-19;60;2026;K2;Jun;6;PRJ-014-2
PRJ-015;1;ZAP-055;Ton majstor;2026-06-13;2026-06-25;62;2026;K2;Jun;6;PRJ-015-1
PRJ-015;2;ZAP-115;Režiser;2026-06-18;2026-06-30;63;2026;K2;Jun;6;PRJ-015-2
PRJ-016;1;ZAP-056;Režiser;2026-06-24;2026-07-06;65;2026;K2;Jun;6;PRJ-016-1
PRJ-016;2;ZAP-116;Voditelj;2026-06-29;2026-07-11;66;2026;K2;Jun;6;PRJ-016-2
PRJ-017;1;ZAP-057;Voditelj;2026-07-05;2026-07-17;68;2026;K3;Jul;7;PRJ-017-1
PRJ-017;2;ZAP-117;Novinar;2026-07-10;2026-07-22;69;2026;K3;Jul;7;PRJ-017-2
PRJ-018;1;ZAP-058;Novinar;2026-07-16;2026-07-28;71;2026;K3;Jul;7;PRJ-018-1
PRJ-018;2;ZAP-118;Rasveta;2026-07-21;2026-08-02;72;2026;K3;Jul;7;PRJ-018-2
PRJ-019;1;ZAP-059;Rasveta;2026-07-27;2026-08-08;74;2026;K3;Jul;7;PRJ-019-1
PRJ-019;2;ZAP-119;Asistent;2026-08-01;2026-08-13;75;2026;K3;Avgust;8;PRJ-019-2
PRJ-020;1;ZAP-060;Asistent;2026-08-07;2026-08-19;17;2026;K3;Avgust;8;PRJ-020-1
PRJ-020;2;ZAP-120;Snimatelj;2026-08-12;2026-08-24;18;2026;K3;Avgust;8;PRJ-020-2
