RB_U_BLOKU;RB_STAVKE_UGOVORA;DATUM_EMITOVANJA;VREME_EMITOVANJA;TRAJANJE_SPOTA;NAPLACENI_IZNOS;SIFRA_BLOKA;SIFRA_SADRZAJA;BROJ_UGOVORA;STATUS_NAPLATE
1;1;2026-01-06;12:14:00;30;47919.00;RBL-001;MS-041;UG-001;Fakturisano
1;1;2026-01-17;15:21:00;45;55838.00;RBL-002;MS-042;UG-002;Naplaćeno
1;1;2026-01-28;18:28:00;15;63757.00;RBL-003;MS-043;UG-003;Nenaplaćeno
1;1;2026-02-08;21:35:00;30;71676.00;RBL-004;MS-044;UG-004;Fakturisano
1;1;2026-02-19;07:42:00;45;79595.00;RBL-005;MS-045;UG-005;Naplaćeno
1;1;2026-03-02;10:49:00;15;87514.00;RBL-006;MS-046;UG-006;Nenaplaćeno
1;1;2026-03-13;13:56:00;30;95433.00;RBL-007;MS-047;UG-007;Fakturisano
1;1;2026-03-24;16:03:00;45;103352.00;RBL-008;MS-048;UG-008;Naplaćeno
1;1;2026-04-04;19:10:00;15;111271.00;RBL-009;MS-049;UG-009;Nenaplaćeno
1;1;2026-04-15;22:17:00;30;119190.00;RBL-010;MS-050;UG-010;Fakturisano
1;1;2026-04-26;08:24:00;45;127109.00;RBL-011;MS-051;UG-011;Naplaćeno
1;1;2026-05-07;11:31:00;15;135028.00;RBL-012;MS-052;UG-012;Nenaplaćeno
1;1;2026-05-18;14:38:00;30;142947.00;RBL-013;MS-053;UG-013;Fakturisano
1;1;2026-05-29;17:45:00;45;150866.00;RBL-014;MS-054;UG-014;Naplaćeno
1;1;2026-06-09;20:52:00;15;158785.00;RBL-015;MS-055;UG-015;Nenaplaćeno
1;1;2026-06-20;06:59:00;30;166704.00;RBL-016;MS-056;UG-016;Fakturisano
1;1;2026-07-01;09:06:00;45;174623.00;RBL-017;MS-057;UG-017;Naplaćeno
1;1;2026-07-12;12:13:00;15;182542.00;RBL-018;MS-058;UG-018;Nenaplaćeno
1;1;2026-07-23;15:20:00;30;40461.00;RBL-019;MS-059;UG-019;Fakturisano
1;1;2026-08-03;18:27:00;45;48380.00;RBL-020;MS-060;UG-020;Naplaćeno
