DATUM_IZDAVANJA;ROK_PLACANJA;OSNOVICA;IZNOS_PDV;IZNOS_ZA_PLACANJE;BROJ_FAKTURE;BROJ_UGOVORA;SMER;STATUS_PLACANJA
2026-01-25;2026-02-24;191711.00;38342.00;230053.00;FA-001;UG-001;Izlazna;Neplaćena
2026-02-05;2026-03-07;283422.00;56684.00;340106.00;FA-002;UG-002;Izlazna;Plaćena
2026-02-16;2026-03-18;375133.00;75026.00;450159.00;FA-003;UG-003;Ulazna;Plaćena
2026-02-27;2026-03-29;466844.00;93368.00;560212.00;FA-004;UG-004;Izlazna;Delimično plaćena
2026-03-10;2026-04-09;558555.00;111711.00;670265.00;FA-005;UG-005;Izlazna;Neplaćena
2026-03-21;2026-04-20;650266.00;130053.00;780319.00;FA-006;UG-006;Ulazna;Plaćena
2026-04-01;2026-05-01;741977.00;148395.00;890372.00;FA-007;UG-007;Izlazna;Plaćena
2026-04-12;2026-05-12;833688.00;166737.00;1000425.00;FA-008;UG-008;Izlazna;Delimično plaćena
2026-04-23;2026-05-23;925399.00;185079.00;1110478.00;FA-009;UG-009;Ulazna;Neplaćena
2026-05-04;2026-06-03;117110.00;23422.00;140531.00;FA-010;UG-010;Izlazna;Plaćena
2026-05-15;2026-06-14;208821.00;41764.00;250585.00;FA-011;UG-011;Izlazna;Plaćena
2026-05-26;2026-06-25;300532.00;60106.00;360638.00;FA-012;UG-012;Ulazna;Delimično plaćena
2026-06-06;2026-07-06;392243.00;78448.00;470691.00;FA-013;UG-013;Izlazna;Neplaćena
2026-06-17;2026-07-17;483954.00;96790.00;580744.00;FA-014;UG-014;Izlazna;Plaćena
2026-06-28;2026-07-28;575665.00;115133.00;690797.00;FA-015;UG-015;Ulazna;Plaćena
2026-07-09;2026-08-08;667376.00;133475.00;800851.00;FA-016;UG-016;Izlazna;Delimično plaćena
2026-07-20;2026-08-19;759087.00;151817.00;910904.00;FA-017;UG-017;Izlazna;Neplaćena
2026-07-31;2026-08-30;850798.00;170159.00;1020957.00;FA-018;UG-018;Ulazna;Plaćena
2026-08-11;2026-09-10;942509.00;188501.00;1131010.00;FA-019;UG-019;Izlazna;Plaćena
2026-08-22;2026-09-21;134220.00;26844.00;161063.00;FA-020;UG-020;Izlazna;Delimično plaćena
