TRAJANJE;DATUM_ARHIVIRANJA;SIFRA_SADRZAJA;NAZIV_SADRZAJA;FORMAT_ZAPISA;LOKACIJA_U_ARHIVI
22;2026-01-05;MS-001;Prilog o gradnji 01;MXF 1080i;ARH/2026/001
29;2026-01-16;MS-002;Intervju sa gradonačelnikom 02;MXF 2160p;ARH/2026/002
36;2026-01-27;MS-003;Reportaža sa sajma 03;MP4 1080p;ARH/2026/003
43;2026-02-07;MS-004;Najava emisije 04;MOV;ARH/2026/004
50;2026-02-18;MS-005;Špica programa 05;AVI;ARH/2026/005
57;2026-03-01;MS-006;Vremenska prognoza 06;MXF 1080i;ARH/2026/006
64;2026-03-12;MS-007;Sportski rezime 07;MXF 2160p;ARH/2026/007
71;2026-03-23;MS-008;Kulturni prilog 08;MP4 1080p;ARH/2026/008
78;2026-04-03;MS-009;Naučni prilog 09;MOV;ARH/2026/009
85;2026-04-14;MS-010;Politički prilog 10;AVI;ARH/2026/010
92;2026-04-25;MS-011;Prilog o gradnji 11;MXF 1080i;ARH/2026/011
99;2026-05-06;MS-012;Intervju sa gradonačelnikom 12;MXF 2160p;ARH/2026/012
106;2026-05-17;MS-013;Reportaža sa sajma 13;MP4 1080p;ARH/2026/013
113;2026-05-28;MS-014;Najava emisije 14;MOV;ARH/2026/014
120;2026-06-08;MS-015;Špica programa 15;AVI;ARH/2026/015
127;2026-06-19;MS-016;Vremenska prognoza 16;MXF 1080i;ARH/2026/016
134;2026-06-30;MS-017;Sportski rezime 17;MXF 2160p;ARH/2026/017
21;2026-07-11;MS-018;Kulturni prilog 18;MP4 1080p;ARH/2026/018
28;2026-07-22;MS-019;Naučni prilog 19;MOV;ARH/2026/019
35;2026-08-02;MS-020;Politički prilog 20;AVI;ARH/2026/020
42;2026-08-13;MS-021;Strana serija 21;MXF 1080i;ARH/2026/021
49;2026-08-24;MS-022;Koncertni snimak 22;MXF 2160p;ARH/2026/022
56;2026-09-04;MS-023;Crtani film 23;MP4 1080p;ARH/2026/023
63;2026-09-15;MS-024;Sportski prenos 24;MOV;ARH/2026/024
70;2026-09-26;MS-025;Strani dokumentarac 25;AVI;ARH/2026/025
77;2026-10-07;MS-026;Igrani film 26;MXF 1080i;ARH/2026/026
84;2026-10-18;MS-027;Strana serija 27;MXF 2160p;ARH/2026/027
91;2026-10-29;MS-028;Koncertni snimak 28;MP4 1080p;ARH/2026/028
98;2026-11-09;MS-029;Crtani film 29;MOV;ARH/2026/029
105;2026-11-20;MS-030;Sportski prenos 30;AVI;ARH/2026/030
112;2026-12-01;MS-031;Strani dokumentarac 31;MXF 1080i;ARH/2026/031
119;2026-12-12;MS-032;Igrani film 32;MXF 2160p;ARH/2026/032
126;2026-12-23;MS-033;Strana serija 33;MP4 1080p;ARH/2026/033
133;2027-01-03;MS-034;Koncertni snimak 34;MOV;ARH/2026/034
20;2027-01-14;MS-035;Crtani film 35;AVI;ARH/2026/035
27;2027-01-25;MS-036;Sportski prenos 36;MXF 1080i;ARH/2026/036
34;2027-02-05;MS-037;Strani dokumentarac 37;MXF 2160p;ARH/2026/037
41;2027-02-16;MS-038;Igrani film 38;MP4 1080p;ARH/2026/038
48;2027-02-27;MS-039;Strana serija 39;MOV;ARH/2026/039
55;2027-03-10;MS-040;Koncertni snimak 40;AVI;ARH/2026/040
62;2027-03-21;MS-041;Spot za osiguranje 41;MXF 1080i;ARH/2026/041
69;2027-04-01;MS-042;Sponzorisani spot 42;MXF 2160p;ARH/2026/042
76;2027-04-12;MS-043;Spot za banku 43;MP4 1080p;ARH/2026/043
83;2027-04-23;MS-044;Spot za market 44;MOV;ARH/2026/044
90;2027-05-04;MS-045;Spot za auto centar 45;AVI;ARH/2026/045
97;2027-05-15;MS-046;Spot za apoteku 46;MXF 1080i;ARH/2026/046
104;2027-05-26;MS-047;Spot za osiguranje 47;MXF 2160p;ARH/2026/047
111;2027-06-06;MS-048;Sponzorisani spot 48;MP4 1080p;ARH/2026/048
118;2027-06-17;MS-049;Spot za banku 49;MOV;ARH/2026/049
125;2027-06-28;MS-050;Spot za market 50;AVI;ARH/2026/050
132;2027-07-09;MS-051;Spot za auto centar 51;MXF 1080i;ARH/2026/051
19;2027-07-20;MS-052;Spot za apoteku 52;MXF 2160p;ARH/2026/052
26;2027-07-31;MS-053;Spot za osiguranje 53;MP4 1080p;ARH/2026/053
33;2027-08-11;MS-054;Sponzorisani spot 54;MOV;ARH/2026/054
40;2027-08-22;MS-055;Spot za banku 55;AVI;ARH/2026/055
47;2027-09-02;MS-056;Spot za market 56;MXF 1080i;ARH/2026/056
54;2027-09-13;MS-057;Spot za auto centar 57;MXF 2160p;ARH/2026/057
61;2027-09-24;MS-058;Spot za apoteku 58;MP4 1080p;ARH/2026/058
68;2027-10-05;MS-059;Spot za osiguranje 59;MOV;ARH/2026/059
75;2027-10-16;MS-060;Sponzorisani spot 60;AVI;ARH/2026/060
