SIFRA_MERENJA;SIFRA_EMISIJE;OSTVARENI_RATING;UDEO_U_TERMINU
MG-001;EM-001;3.3;11.7
MG-001;EM-002;3.9;12.3
MG-002;EM-002;4.6;13.4
MG-002;EM-003;5.8;14.6
MG-003;EM-003;5.9;15.1
MG-003;EM-004;7.7;16.9
MG-004;EM-004;7.2;16.8
MG-004;EM-005;9.6;19.2
MG-005;EM-005;8.5;18.5
MG-005;EM-006;3.0;21.5
MG-006;EM-006;9.8;20.2
MG-006;EM-007;4.9;23.8
MG-007;EM-007;2.1;21.9
MG-007;EM-008;6.8;26.1
MG-008;EM-008;3.4;23.6
MG-008;EM-009;8.7;28.4
MG-009;EM-009;4.7;25.3
MG-009;EM-010;2.1;30.7
MG-010;EM-010;6.0;27.0
MG-010;EM-011;4.0;12.0
MG-011;EM-011;7.3;28.7
MG-011;EM-012;5.9;14.3
MG-012;EM-012;8.6;30.4
MG-012;EM-013;7.8;16.6
MG-013;EM-013;9.9;10.1
MG-013;EM-014;9.7;18.9
MG-014;EM-014;2.2;11.8
MG-014;EM-015;3.1;21.2
MG-015;EM-015;3.5;13.5
MG-015;EM-016;5.0;23.5
MG-016;EM-016;4.8;15.2
MG-016;EM-017;6.9;25.8
MG-017;EM-017;6.1;16.9
MG-017;EM-018;8.8;28.1
MG-018;EM-018;7.4;18.6
MG-018;EM-019;2.2;30.4
MG-019;EM-019;8.7;20.3
MG-019;EM-020;4.1;11.7
MG-020;EM-001;6.0;14.0
MG-020;EM-020;10.0;22.0
