SIFRA_MERENJA;DATUM_MERENJA;IZVOR_MERENJA;CILJNA_GRUPA;RATING;SHARE_UDEO;BROJ_GLEDALACA;PROSECNO_GLEDANJE;Godina;Kvartal;Mesec;MesecBr
MG-001;2026-01-06;Piplmetri;4+;2.7;13.1;101317;15;2026;K1;Januar;1
MG-002;2026-01-17;Striming platforma;18-49;3.4;14.2;122634;18;2026;K1;Januar;1
MG-003;2026-01-28;Anketa;25-54;4.1;15.3;143951;21;2026;K1;Januar;1
MG-004;2026-02-08;Agencija za merenje;35+;4.8;16.4;165268;24;2026;K1;Februar;2
MG-005;2026-02-19;Piplmetri;4+;5.5;17.5;186585;27;2026;K1;Februar;2
MG-006;2026-03-02;Striming platforma;18-49;6.2;18.6;207902;30;2026;K1;Mart;3
MG-007;2026-03-13;Anketa;25-54;6.9;19.7;229219;33;2026;K1;Mart;3
MG-008;2026-03-24;Agencija za merenje;35+;7.6;20.8;250536;36;2026;K1;Mart;3
MG-009;2026-04-04;Piplmetri;4+;8.3;21.9;271853;39;2026;K2;April;4
MG-010;2026-04-15;Striming platforma;18-49;9.0;23.0;293170;42;2026;K2;April;4
MG-011;2026-04-26;Anketa;25-54;9.7;24.1;314487;45;2026;K2;April;4
MG-012;2026-05-07;Agencija za merenje;35+;2.4;25.2;335804;48;2026;K2;Maj;5
MG-013;2026-05-18;Piplmetri;4+;3.1;26.3;357121;51;2026;K2;Maj;5
MG-014;2026-05-29;Striming platforma;18-49;3.8;27.4;378438;14;2026;K2;Maj;5
MG-015;2026-06-09;Anketa;25-54;4.5;28.5;399755;17;2026;K2;Jun;6
MG-016;2026-06-20;Agencija za merenje;35+;5.2;29.6;421072;20;2026;K2;Jun;6
MG-017;2026-07-01;Piplmetri;4+;5.9;30.7;442389;23;2026;K3;Jul;7
MG-018;2026-07-12;Striming platforma;18-49;6.6;31.8;463706;26;2026;K3;Jul;7
MG-019;2026-07-23;Anketa;25-54;7.3;12.9;485023;29;2026;K3;Jul;7
MG-020;2026-08-03;Agencija za merenje;35+;8.0;14.0;506340;32;2026;K3;Avgust;8
