BROJ_NALOGA;BROJ_FAKTURE;DATUM_NALOGA;IZNOS_NALOGA;SVRHA_PLACANJA;DATUM_REALIZACIJE;STATUS_NALOGA;RACUN_PRIMAOCA;ODOBRIO
NAL-001;FA-001;2026-03-01;230053.0;Plaćanje po fakturi 1;2026-03-04;Kreiran;160-100007-01;Odobrio 1
NAL-002;FA-002;2026-03-12;340106.0;Plaćanje po fakturi 2;2026-03-15;Izvršen;160-100014-02;Odobrio 2
NAL-003;FA-003;2026-03-23;450159.0;Plaćanje po fakturi 3;2026-03-26;Izvršen;160-100021-03;Odobrio 3
NAL-004;FA-004;2026-04-03;560212.0;Plaćanje po fakturi 4;2026-04-06;Storniran;160-100028-04;Odobrio 4
NAL-005;FA-005;2026-04-14;670265.0;Plaćanje po fakturi 5;2026-04-17;Kreiran;160-100035-05;Odobrio 5
NAL-006;FA-006;2026-04-25;780319.0;Plaćanje po fakturi 6;2026-04-28;Izvršen;160-100042-06;Odobrio 6
NAL-007;FA-007;2026-05-06;890372.0;Plaćanje po fakturi 7;2026-05-09;Izvršen;160-100049-07;Odobrio 7
NAL-008;FA-008;2026-05-17;1000425.0;Plaćanje po fakturi 8;2026-05-20;Storniran;160-100056-08;Odobrio 8
NAL-009;FA-009;2026-05-28;1110478.0;Plaćanje po fakturi 9;2026-05-31;Kreiran;160-100063-09;Odobrio 9
NAL-010;FA-010;2026-06-08;140531.0;Plaćanje po fakturi 10;2026-06-11;Izvršen;160-100070-10;Odobrio 10
NAL-011;FA-011;2026-06-19;250585.0;Plaćanje po fakturi 11;2026-06-22;Izvršen;160-100077-11;Odobrio 11
NAL-012;FA-012;2026-06-30;360638.0;Plaćanje po fakturi 12;2026-07-03;Storniran;160-100084-12;Odobrio 12
NAL-013;FA-013;2026-07-11;470691.0;Plaćanje po fakturi 13;2026-07-14;Kreiran;160-100091-13;Odobrio 13
NAL-014;FA-014;2026-07-22;580744.0;Plaćanje po fakturi 14;2026-07-25;Izvršen;160-100098-14;Odobrio 14
NAL-015;FA-015;2026-08-02;690797.0;Plaćanje po fakturi 15;2026-08-05;Izvršen;160-100105-15;Odobrio 15
NAL-016;FA-016;2026-08-13;800851.0;Plaćanje po fakturi 16;2026-08-16;Storniran;160-100112-16;Odobrio 16
NAL-017;FA-017;2026-08-24;910904.0;Plaćanje po fakturi 17;2026-08-27;Kreiran;160-100119-17;Odobrio 17
NAL-018;FA-018;2026-09-04;1020957.0;Plaćanje po fakturi 18;2026-09-07;Izvršen;160-100126-18;Odobrio 18
NAL-019;FA-019;2026-09-15;1131010.0;Plaćanje po fakturi 19;2026-09-18;Izvršen;160-100133-19;Odobrio 19
NAL-020;FA-020;2026-09-26;161063.0;Plaćanje po fakturi 20;2026-09-29;Storniran;160-100140-20;Odobrio 20
