BROJ_BODOVA;BROJ_PONUDE;SIFRA_KRITERIJUMA;KOMENTAR_OCENE
5.10;PD-001;KR-001;Komentar ocene 1
6.20;PD-002;KR-002;Komentar ocene 2
7.30;PD-003;KR-003;Komentar ocene 3
8.40;PD-004;KR-004;Komentar ocene 4
9.50;PD-005;KR-005;Komentar ocene 5
4.60;PD-006;KR-006;Komentar ocene 6
5.70;PD-007;KR-007;Komentar ocene 7
6.80;PD-008;KR-008;Komentar ocene 8
7.90;PD-009;KR-009;Komentar ocene 9
9.00;PD-010;KR-010;Komentar ocene 10
4.10;PD-011;KR-011;Komentar ocene 11
5.20;PD-012;KR-012;Komentar ocene 12
6.30;PD-013;KR-013;Komentar ocene 13
7.40;PD-014;KR-014;Komentar ocene 14
8.50;PD-015;KR-015;Komentar ocene 15
9.60;PD-016;KR-016;Komentar ocene 16
4.70;PD-017;KR-017;Komentar ocene 17
5.80;PD-018;KR-018;Komentar ocene 18
6.90;PD-019;KR-019;Komentar ocene 19
8.00;PD-020;KR-020;Komentar ocene 20
