INVENTARSKI_BROJ;NAZIV_OPREME;MODEL_OPREME;PROIZVODJAC;STATUS_OPREME;DATUM_NABAVKE;GARANCIJA_DO;NABAVNA_VREDNOST
INV-001;Studijska kamera;MOD-101;Sony;Ispravna;2026-01-05;2028-01-05;106713.0
INV-002;Reportažna kamera;MOD-102;Panasonic;Ispravna;2026-01-16;2028-01-16;128426.0
INV-003;PTZ kamera;MOD-103;Canon;Ispravna;2026-01-27;2028-01-27;150139.0
INV-004;Akciona kamera;MOD-104;Blackmagic;Ispravna;2026-02-07;2028-02-07;171852.0
INV-005;Kamera na kranu;MOD-105;Sennheiser;Na servisu;2026-02-18;2028-02-18;193565.0
INV-006;Studijska kamera;MOD-106;Shure;Rashodovana;2026-03-01;2028-02-29;215278.0
INV-007;Reportažna kamera;MOD-107;Arri;Ispravna;2026-03-12;2028-03-11;236991.0
INV-008;PTZ kamera;MOD-108;Yamaha;Ispravna;2026-03-23;2028-03-22;258704.0
INV-009;Akciona kamera;MOD-109;Behringer;Ispravna;2026-04-03;2028-04-02;280417.0
INV-010;Kamera na kranu;MOD-110;JVC;Ispravna;2026-04-14;2028-04-13;302130.0
INV-011;Studijska kamera;MOD-111;Sony;Na servisu;2026-04-25;2028-04-24;323843.0
INV-012;Reportažna kamera;MOD-112;Panasonic;Rashodovana;2026-05-06;2028-05-05;345556.0
INV-013;PTZ kamera;MOD-113;Canon;Ispravna;2026-05-17;2028-05-16;367269.0
INV-014;Akciona kamera;MOD-114;Blackmagic;Ispravna;2026-05-28;2028-05-27;388982.0
INV-015;Kamera na kranu;MOD-115;Sennheiser;Ispravna;2026-06-08;2028-06-07;410695.0
INV-016;Studijska kamera;MOD-116;Shure;Ispravna;2026-06-19;2028-06-18;432408.0
INV-017;Reportažna kamera;MOD-117;Arri;Na servisu;2026-06-30;2028-06-29;454121.0
INV-018;PTZ kamera;MOD-118;Yamaha;Rashodovana;2026-07-11;2028-07-10;475834.0
INV-019;Akciona kamera;MOD-119;Behringer;Ispravna;2026-07-22;2028-07-21;497547.0
INV-020;Kamera na kranu;MOD-120;JVC;Ispravna;2026-08-02;2028-08-01;519260.0
INV-021;Audio interfejs;MOD-121;Sony;Ispravna;2026-08-13;2028-08-12;540973.0
INV-022;Mikrofon;MOD-122;Panasonic;Ispravna;2026-08-24;2028-08-23;562686.0
INV-023;Bežični mikrofon;MOD-123;Canon;Na servisu;2026-09-04;2028-09-03;584399.0
INV-024;Miks pult;MOD-124;Blackmagic;Rashodovana;2026-09-15;2028-09-14;606112.0
INV-025;Zvučnik;MOD-125;Sennheiser;Ispravna;2026-09-26;2028-09-25;627825.0
INV-026;Slušalice;MOD-126;Shure;Ispravna;2026-10-07;2028-10-06;649538.0
INV-027;Pojačalo;MOD-127;Arri;Ispravna;2026-10-18;2028-10-17;671251.0
INV-028;Audio interfejs;MOD-128;Yamaha;Ispravna;2026-10-29;2028-10-28;692964.0
INV-029;Mikrofon;MOD-129;Behringer;Na servisu;2026-11-09;2028-11-08;714677.0
INV-030;Bežični mikrofon;MOD-130;JVC;Rashodovana;2026-11-20;2028-11-19;736390.0
INV-031;Miks pult;MOD-131;Sony;Ispravna;2026-12-01;2028-11-30;758103.0
INV-032;Zvučnik;MOD-132;Panasonic;Ispravna;2026-12-12;2028-12-11;779816.0
INV-033;Slušalice;MOD-133;Canon;Ispravna;2026-12-23;2028-12-22;801529.0
INV-034;Pojačalo;MOD-134;Blackmagic;Ispravna;2027-01-03;2029-01-02;823242.0
INV-035;Audio interfejs;MOD-135;Sennheiser;Na servisu;2027-01-14;2029-01-13;844955.0
INV-036;Mikrofon;MOD-136;Shure;Rashodovana;2027-01-25;2029-01-24;866668.0
INV-037;Bežični mikrofon;MOD-137;Arri;Ispravna;2027-02-05;2029-02-04;888381.0
INV-038;Miks pult;MOD-138;Yamaha;Ispravna;2027-02-16;2029-02-15;910094.0
INV-039;Zvučnik;MOD-139;Behringer;Ispravna;2027-02-27;2029-02-26;931807.0
INV-040;Slušalice;MOD-140;JVC;Ispravna;2027-03-10;2029-03-09;953520.0
INV-041;Reflektor;MOD-141;Sony;Na servisu;2027-03-21;2029-03-20;975233.0
INV-042;LED panel;MOD-142;Panasonic;Rashodovana;2027-04-01;2029-03-31;996946.0
INV-043;Rasvetni panel;MOD-143;Canon;Ispravna;2027-04-12;2029-04-11;1018659.0
INV-044;Halogeni reflektor;MOD-144;Blackmagic;Ispravna;2027-04-23;2029-04-22;1040372.0
INV-045;HMI reflektor;MOD-145;Sennheiser;Ispravna;2027-05-04;2029-05-03;1062085.0
INV-046;Reflektor;MOD-146;Shure;Ispravna;2027-05-15;2029-05-14;1083798.0
INV-047;LED panel;MOD-147;Arri;Na servisu;2027-05-26;2029-05-25;1105511.0
INV-048;Rasvetni panel;MOD-148;Yamaha;Rashodovana;2027-06-06;2029-06-05;1127224.0
INV-049;Halogeni reflektor;MOD-149;Behringer;Ispravna;2027-06-17;2029-06-16;1148937.0
INV-050;HMI reflektor;MOD-150;JVC;Ispravna;2027-06-28;2029-06-27;1170650.0
INV-051;Reflektor;MOD-151;Sony;Ispravna;2027-07-09;2029-07-08;1192363.0
INV-052;LED panel;MOD-152;Panasonic;Ispravna;2027-07-20;2029-07-19;1214076.0
INV-053;Rasvetni panel;MOD-153;Canon;Na servisu;2027-07-31;2029-07-30;1235789.0
INV-054;Halogeni reflektor;MOD-154;Blackmagic;Rashodovana;2027-08-11;2029-08-10;1257502.0
INV-055;HMI reflektor;MOD-155;Sennheiser;Ispravna;2027-08-22;2029-08-21;1279215.0
INV-056;Reflektor;MOD-156;Shure;Ispravna;2027-09-02;2029-09-01;1300928.0
INV-057;LED panel;MOD-157;Arri;Ispravna;2027-09-13;2029-09-12;1322641.0
INV-058;Rasvetni panel;MOD-158;Yamaha;Ispravna;2027-09-24;2029-09-23;1344354.0
INV-059;Halogeni reflektor;MOD-159;Behringer;Na servisu;2027-10-05;2029-10-04;1366067.0
INV-060;HMI reflektor;MOD-160;JVC;Rashodovana;2027-10-16;2029-10-15;1387780.0
INV-061;Stativ;MOD-161;Sony;Ispravna;2027-10-27;2029-10-26;1409493.0
INV-062;Monitor;MOD-162;Panasonic;Ispravna;2027-11-07;2029-11-06;1431206.0
INV-063;Rekorder;MOD-163;Canon;Ispravna;2027-11-18;2029-11-17;1452919.0
INV-064;Server za striming;MOD-164;Blackmagic;Ispravna;2027-11-29;2029-11-28;1474632.0
INV-065;Konvertor signala;MOD-165;Sennheiser;Na servisu;2027-12-10;2029-12-09;1496345.0
INV-066;Teleprompter;MOD-166;Shure;Rashodovana;2027-12-21;2029-12-20;1518058.0
INV-067;Kran;MOD-167;Arri;Ispravna;2028-01-01;2029-12-31;1539771.0
INV-068;Dron;MOD-168;Yamaha;Ispravna;2028-01-12;2030-01-11;1561484.0
INV-069;Objektiv;MOD-169;Behringer;Ispravna;2028-01-23;2030-01-22;1583197.0
INV-070;Baterijski set;MOD-170;JVC;Ispravna;2028-02-03;2030-02-02;1604910.0
INV-071;Stativ;MOD-171;Sony;Na servisu;2028-02-14;2030-02-13;1626623.0
INV-072;Monitor;MOD-172;Panasonic;Rashodovana;2028-02-25;2030-02-24;1648336.0
INV-073;Rekorder;MOD-173;Canon;Ispravna;2028-03-07;2030-03-07;1670049.0
INV-074;Server za striming;MOD-174;Blackmagic;Ispravna;2028-03-18;2030-03-18;1691762.0
INV-075;Konvertor signala;MOD-175;Sennheiser;Ispravna;2028-03-29;2030-03-29;1713475.0
INV-076;Teleprompter;MOD-176;Shure;Ispravna;2028-04-09;2030-04-09;1735188.0
INV-077;Kran;MOD-177;Arri;Na servisu;2028-04-20;2030-04-20;1756901.0
INV-078;Dron;MOD-178;Yamaha;Rashodovana;2028-05-01;2030-05-01;1778614.0
INV-079;Objektiv;MOD-179;Behringer;Ispravna;2028-05-12;2030-05-12;1800327.0
INV-080;Baterijski set;MOD-180;JVC;Ispravna;2028-05-23;2030-05-23;1822040.0
123;Kamera30;nzm;neko;slobodan;2026-09-02;2026-09-17;17000.0
