GODINA_PLANA;DATUM_DONOSENJA;UKUPNA_VREDNOST;SIFRA_PLANA;STATUS_PLANA;DONOSILAC_PLANA
2026;2026-01-05;3811123.00;PN-001;Usvojen;Uprava stanice
2026;2026-01-16;4622246.00;PN-002;Usvojen;Uprava stanice
2026;2026-01-27;5433369.00;PN-003;U izradi;Uprava stanice
2026;2026-02-07;6244492.00;PN-004;Usvojen;Uprava stanice
2026;2026-02-18;7055615.00;PN-005;Usvojen;Uprava stanice
2026;2026-03-01;7866738.00;PN-006;U izradi;Uprava stanice
2026;2026-03-12;8677861.00;PN-007;Usvojen;Uprava stanice
2026;2026-03-23;9488984.00;PN-008;Usvojen;Uprava stanice
2026;2026-04-03;10300107.00;PN-009;U izradi;Uprava stanice
2026;2026-04-14;11111230.00;PN-010;Usvojen;Uprava stanice
2026;2026-04-25;11922353.00;PN-011;Usvojen;Uprava stanice
2026;2026-05-06;12733476.00;PN-012;U izradi;Uprava stanice
2026;2026-05-17;13544599.00;PN-013;Usvojen;Uprava stanice
2026;2026-05-28;14355722.00;PN-014;Usvojen;Uprava stanice
2026;2026-06-08;15166845.00;PN-015;U izradi;Uprava stanice
2026;2026-06-19;15977968.00;PN-016;Usvojen;Uprava stanice
2026;2026-06-30;16789091.00;PN-017;Usvojen;Uprava stanice
2026;2026-07-11;17600214.00;PN-018;U izradi;Uprava stanice
2026;2026-07-22;3411337.00;PN-019;Usvojen;Uprava stanice
2026;2026-08-02;4222460.00;PN-020;Usvojen;Uprava stanice
