DATUM_PRIJEMA;VAZI_DO;UKUPNA_CENA;ROK_ISPORUKE;UKUPNO_BODOVA;BROJ_PONUDE;SIFRA_DOBAVLJACA;USLOVI_PLACANJA;STATUS_PONUDE
2026-01-15;2026-03-06;339933.00;2026-02-19;6.70;PD-001;DOB-021;45 dana odloženo;Primljena
2026-01-26;2026-03-17;539866.00;2026-03-02;7.40;PD-002;DOB-022;60 dana odloženo;Izabrana
2026-02-06;2026-03-28;739799.00;2026-03-13;8.10;PD-003;DOB-023;30 dana odloženo;Nije izabrana
2026-02-17;2026-04-08;939732.00;2026-03-24;8.80;PD-004;DOB-024;45 dana odloženo;Primljena
2026-02-28;2026-04-19;1139665.00;2026-04-04;9.50;PD-005;DOB-025;60 dana odloženo;Izabrana
2026-03-11;2026-04-30;1339598.00;2026-04-15;6.20;PD-006;DOB-026;30 dana odloženo;Nije izabrana
2026-03-22;2026-05-11;1539531.00;2026-04-26;6.90;PD-007;DOB-027;45 dana odloženo;Primljena
2026-04-02;2026-05-22;1739464.00;2026-05-07;7.60;PD-008;DOB-028;60 dana odloženo;Izabrana
2026-04-13;2026-06-02;1939397.00;2026-05-18;8.30;PD-009;DOB-029;30 dana odloženo;Nije izabrana
2026-04-24;2026-06-13;2139330.00;2026-05-29;9.00;PD-010;DOB-030;45 dana odloženo;Primljena
2026-05-05;2026-06-24;2339263.00;2026-06-09;9.70;PD-011;DOB-031;60 dana odloženo;Izabrana
2026-05-16;2026-07-05;2539196.00;2026-06-20;6.40;PD-012;DOB-032;30 dana odloženo;Nije izabrana
2026-05-27;2026-07-16;2739129.00;2026-07-01;7.10;PD-013;DOB-033;45 dana odloženo;Primljena
2026-06-07;2026-07-27;2939062.00;2026-07-12;7.80;PD-014;DOB-034;60 dana odloženo;Izabrana
2026-06-18;2026-08-07;3138995.00;2026-07-23;8.50;PD-015;DOB-035;30 dana odloženo;Nije izabrana
2026-06-29;2026-08-18;3338928.00;2026-08-03;9.20;PD-016;DOB-036;45 dana odloženo;Primljena
2026-07-10;2026-08-29;3538861.00;2026-08-14;9.90;PD-017;DOB-037;60 dana odloženo;Izabrana
2026-07-21;2026-09-09;3738794.00;2026-08-25;6.60;PD-018;DOB-038;30 dana odloženo;Nije izabrana
2026-08-01;2026-09-20;3938727.00;2026-09-05;7.30;PD-019;DOB-039;45 dana odloženo;Primljena
2026-08-12;2026-10-01;4138660.00;2026-09-16;8.00;PD-020;DOB-040;60 dana odloženo;Izabrana
