RB_STAVKE;PONUDJENA_CENA;ROK_ZA_STAVKU;SIFRA_PLANA;BROJ_PONUDE
1;339933.00;2026-02-19;PN-001;PD-001
1;539866.00;2026-03-02;PN-002;PD-002
1;739799.00;2026-03-13;PN-003;PD-003
1;939732.00;2026-03-24;PN-004;PD-004
1;1139665.00;2026-04-04;PN-005;PD-005
1;1339598.00;2026-04-15;PN-006;PD-006
1;1539531.00;2026-04-26;PN-007;PD-007
1;1739464.00;2026-05-07;PN-008;PD-008
1;1939397.00;2026-05-18;PN-009;PD-009
1;2139330.00;2026-05-29;PN-010;PD-010
1;2339263.00;2026-06-09;PN-011;PD-011
1;2539196.00;2026-06-20;PN-012;PD-012
1;2739129.00;2026-07-01;PN-013;PD-013
1;2939062.00;2026-07-12;PN-014;PD-014
1;3138995.00;2026-07-23;PN-015;PD-015
1;3338928.00;2026-08-03;PN-016;PD-016
1;3538861.00;2026-08-14;PN-017;PD-017
1;3738794.00;2026-08-25;PN-018;PD-018
1;3938727.00;2026-09-05;PN-019;PD-019
1;4138660.00;2026-09-16;PN-020;PD-020
