DATUM_OD;DATUM_DO;DOZVOLJENO_EMITOVANJA;ISKORISCENO_EMITOVANJA;BROJ_LICENCE;VRSTA_PRAVA;TERITORIJA;NOSILAC_PRAVA
2026-01-05;2026-07-24;8;2;LIC-001;Emitovanje;Republika Srbija;Nosilac prava 1
2026-01-16;2026-08-04;11;3;LIC-002;Reprizno emitovanje;Balkan;Nosilac prava 2
2026-01-27;2026-08-15;14;4;LIC-003;Striming;Evropa;Nosilac prava 3
2026-02-07;2026-08-26;17;5;LIC-004;Prodaja;Svet;Nosilac prava 4
2026-02-18;2026-09-06;20;1;LIC-005;Emitovanje;Republika Srbija;Nosilac prava 5
2026-03-01;2026-09-17;23;2;LIC-006;Reprizno emitovanje;Balkan;Nosilac prava 6
2026-03-12;2026-09-28;26;3;LIC-007;Striming;Evropa;Nosilac prava 7
2026-03-23;2026-10-09;29;4;LIC-008;Prodaja;Svet;Nosilac prava 8
2026-04-03;2026-10-20;32;5;LIC-009;Emitovanje;Republika Srbija;Nosilac prava 9
2026-04-14;2026-10-31;35;1;LIC-010;Reprizno emitovanje;Balkan;Nosilac prava 10
2026-04-25;2026-11-11;38;2;LIC-011;Striming;Evropa;Nosilac prava 11
2026-05-06;2026-11-22;41;3;LIC-012;Prodaja;Svet;Nosilac prava 12
2026-05-17;2026-12-03;44;4;LIC-013;Emitovanje;Republika Srbija;Nosilac prava 13
2026-05-28;2026-12-14;7;5;LIC-014;Reprizno emitovanje;Balkan;Nosilac prava 14
2026-06-08;2026-12-25;10;1;LIC-015;Striming;Evropa;Nosilac prava 15
2026-06-19;2027-01-05;13;2;LIC-016;Prodaja;Svet;Nosilac prava 16
2026-06-30;2027-01-16;16;3;LIC-017;Emitovanje;Republika Srbija;Nosilac prava 17
2026-07-11;2027-01-27;19;4;LIC-018;Reprizno emitovanje;Balkan;Nosilac prava 18
2026-07-22;2027-02-07;22;5;LIC-019;Striming;Evropa;Nosilac prava 19
2026-08-02;2027-02-18;25;1;LIC-020;Prodaja;Svet;Nosilac prava 20
