DATUM;VREME_POCETKA;TRAJANJE_BLOKA;ZAKUPLJENO_SEKUNDI;SLOBODNO_SEKUNDI;ISKORISCENOST;SIFRA_BLOKA;SIFRA_TERMINA;SIFRA_CENOVNIKA;STATUS_BLOKA
2026-01-06;12:14:00;180;66;114;36.67;RBL-001;TR-001;CN-001;Popunjen
2026-01-17;15:21:00;180;72;108;40.00;RBL-002;TR-002;CN-002;Delimično
2026-01-28;18:28:00;180;78;102;43.33;RBL-003;TR-003;CN-003;Slobodan
2026-02-08;21:35:00;180;84;96;46.67;RBL-004;TR-004;CN-004;Popunjen
2026-02-19;07:42:00;180;90;90;50.00;RBL-005;TR-005;CN-005;Delimično
2026-03-02;10:49:00;180;96;84;53.33;RBL-006;TR-006;CN-006;Slobodan
2026-03-13;13:56:00;180;102;78;56.67;RBL-007;TR-007;CN-007;Popunjen
2026-03-24;16:03:00;180;108;72;60.00;RBL-008;TR-008;CN-008;Delimično
2026-04-04;19:10:00;180;114;66;63.33;RBL-009;TR-009;CN-009;Slobodan
2026-04-15;22:17:00;180;120;60;66.67;RBL-010;TR-010;CN-010;Popunjen
2026-04-26;08:24:00;180;126;54;70.00;RBL-011;TR-011;CN-011;Delimično
2026-05-07;11:31:00;180;132;48;73.33;RBL-012;TR-012;CN-012;Slobodan
2026-05-18;14:38:00;180;138;42;76.67;RBL-013;TR-013;CN-013;Popunjen
2026-05-29;17:45:00;180;144;36;80.00;RBL-014;TR-014;CN-014;Delimično
2026-06-09;20:52:00;180;150;30;83.33;RBL-015;TR-015;CN-015;Slobodan
2026-06-20;06:59:00;180;156;24;86.67;RBL-016;TR-016;CN-016;Popunjen
2026-07-01;09:06:00;180;162;18;90.00;RBL-017;TR-017;CN-017;Delimično
2026-07-12;12:13:00;180;168;12;93.33;RBL-018;TR-018;CN-018;Slobodan
2026-07-23;15:20:00;180;174;6;96.67;RBL-019;TR-019;CN-019;Popunjen
2026-08-03;18:27:00;180;60;120;33.33;RBL-020;TR-020;CN-020;Delimično
