SIFRA_SADRZAJA;SIFRA_OGLASIVACA;DATUM_PRIJEMA;STATUS
MS-041;KL-001;2026-01-05;Proveren
MS-042;KL-002;2026-01-16;Proveren
MS-043;KL-003;2026-01-27;U proveri
MS-044;KL-004;2026-02-07;Proveren
MS-045;KL-005;2026-02-18;Proveren
MS-046;KL-006;2026-03-01;U proveri
MS-047;KL-007;2026-03-12;Proveren
MS-048;KL-008;2026-03-23;Proveren
MS-049;KL-009;2026-04-03;U proveri
MS-050;KL-010;2026-04-14;Proveren
MS-051;KL-011;2026-04-25;Proveren
MS-052;KL-012;2026-05-06;U proveri
MS-053;KL-013;2026-05-17;Proveren
MS-054;KL-014;2026-05-28;Proveren
MS-055;KL-015;2026-06-08;U proveri
MS-056;KL-016;2026-06-19;Proveren
MS-057;KL-017;2026-06-30;Proveren
MS-058;KL-018;2026-07-11;U proveri
MS-059;KL-019;2026-07-22;Proveren
MS-060;KL-020;2026-08-02;Proveren
