RB_CELINE;DATUM;VREME_POCETKA;TRAJANJE_TERMINA;REDNI_BROJ_REPRIZE;SIFRA_TERMINA;SIFRA_SEME;SIFRA_EMISIJE;TIP_TERMINA;ZONA_GLEDANOSTI;STATUS_TERMINA
1;2026-01-06;09:07:00;30;0;TR-001;PS-001;EM-001;Premijera;A;Realizovan
1;2026-01-17;12:14:00;35;0;TR-002;PS-002;EM-002;Premijera;B;Realizovan
1;2026-01-28;15:21:00;40;0;TR-003;PS-003;EM-003;Repriza;C;Realizovan
1;2026-02-08;18:28:00;45;0;TR-004;PS-004;EM-004;Premijera;A;Otkazan
1;2026-02-19;21:35:00;50;0;TR-005;PS-005;EM-005;Premijera;B;Realizovan
1;2026-03-02;07:42:00;55;0;TR-006;PS-006;EM-006;Repriza;C;Realizovan
1;2026-03-13;10:49:00;60;0;TR-007;PS-007;EM-007;Premijera;A;Realizovan
1;2026-03-24;13:56:00;65;0;TR-008;PS-008;EM-008;Premijera;B;Otkazan
1;2026-04-04;16:03:00;70;0;TR-009;PS-009;EM-009;Repriza;C;Realizovan
1;2026-04-15;19:10:00;75;0;TR-010;PS-010;EM-010;Premijera;A;Realizovan
1;2026-04-26;22:17:00;80;0;TR-011;PS-011;EM-011;Premijera;B;Realizovan
1;2026-05-07;08:24:00;85;0;TR-012;PS-012;EM-012;Repriza;C;Otkazan
1;2026-05-18;11:31:00;90;0;TR-013;PS-013;EM-013;Premijera;A;Realizovan
1;2026-05-29;14:38:00;95;0;TR-014;PS-014;EM-014;Premijera;B;Realizovan
1;2026-06-09;17:45:00;100;0;TR-015;PS-015;EM-015;Repriza;C;Realizovan
1;2026-06-20;20:52:00;105;0;TR-016;PS-016;EM-016;Premijera;A;Otkazan
1;2026-07-01;06:59:00;110;0;TR-017;PS-017;EM-017;Premijera;B;Realizovan
1;2026-07-12;09:06:00;25;0;TR-018;PS-018;EM-018;Repriza;C;Realizovan
1;2026-07-23;12:13:00;30;0;TR-019;PS-019;EM-019;Premijera;A;Realizovan
1;2026-08-03;15:20:00;35;0;TR-020;PS-020;EM-020;Premijera;B;Otkazan
2;2026-01-07;21:35:00;32;1;TR-021;PS-001;EM-002;Repriza;B;Realizovan
2;2026-01-18;07:42:00;39;1;TR-022;PS-002;EM-003;Repriza;C;Realizovan
2;2026-01-29;10:49:00;46;1;TR-023;PS-003;EM-004;Repriza;A;Realizovan
2;2026-02-09;13:56:00;53;1;TR-024;PS-004;EM-005;Repriza;B;Realizovan
2;2026-02-20;16:03:00;60;1;TR-025;PS-005;EM-006;Repriza;C;Realizovan
2;2026-03-03;19:10:00;67;1;TR-026;PS-006;EM-007;Repriza;A;Realizovan
2;2026-03-14;22:17:00;74;1;TR-027;PS-007;EM-008;Repriza;B;Realizovan
2;2026-03-25;08:24:00;81;1;TR-028;PS-008;EM-009;Repriza;C;Realizovan
2;2026-04-05;11:31:00;88;1;TR-029;PS-009;EM-010;Repriza;A;Realizovan
2;2026-04-16;14:38:00;95;1;TR-030;PS-010;EM-011;Repriza;B;Realizovan
2;2026-04-27;17:45:00;102;1;TR-031;PS-011;EM-012;Repriza;C;Realizovan
2;2026-05-08;20:52:00;109;1;TR-032;PS-012;EM-013;Repriza;A;Realizovan
2;2026-05-19;06:59:00;26;1;TR-033;PS-013;EM-014;Repriza;B;Realizovan
2;2026-05-30;09:06:00;33;1;TR-034;PS-014;EM-015;Repriza;C;Realizovan
2;2026-06-10;12:13:00;40;1;TR-035;PS-015;EM-016;Repriza;A;Realizovan
2;2026-06-21;15:20:00;47;1;TR-036;PS-016;EM-017;Repriza;B;Realizovan
2;2026-07-02;18:27:00;54;1;TR-037;PS-017;EM-018;Repriza;C;Realizovan
2;2026-07-13;21:34:00;61;1;TR-038;PS-018;EM-019;Repriza;A;Realizovan
2;2026-07-24;07:41:00;68;1;TR-039;PS-019;EM-020;Repriza;B;Realizovan
2;2026-08-04;10:48:00;75;1;TR-040;PS-020;EM-001;Repriza;C;Realizovan
