BROJ_UGOVORA;UGOVORENI_TERMINI
UG-001;Zona B, termin 1
UG-002;Zona C, termin 2
UG-003;Zona A, termin 3
UG-004;Zona B, termin 4
UG-005;Zona C, termin 5
UG-006;Zona A, termin 6
UG-007;Zona B, termin 7
UG-008;Zona C, termin 8
UG-009;Zona A, termin 9
UG-010;Zona B, termin 10
UG-011;Zona C, termin 11
UG-012;Zona A, termin 12
UG-013;Zona B, termin 13
UG-014;Zona C, termin 14
UG-015;Zona A, termin 15
UG-016;Zona B, termin 16
UG-017;Zona C, termin 17
UG-018;Zona A, termin 18
UG-019;Zona B, termin 19
UG-020;Zona C, termin 20
